Tab.2.1.7;;;;;;;;;;;;
;;;;;;;;;;;;
Ausgaben von Bildungseinrichtungen je Schüler/-in und Studierende/-n nach Staaten und Bildungsbereichen (ISCED 1997) in US-Dollar in umgerechneter Kaufkraftparität 1);;;;;;;;;;;;
;;;;;;;;;;;;
;;ISCED 0: Elementarbereich (für 3-Jährige und Ältere);ISCED 1: Primarbereich;ISCED 2: Sekundarbereich I;ISCED 3: Sekundarbereich II;ISCED 2/3: Sekundarbereich insgesamt;ISCED 4: Post-sekundarer, nicht-tertiärer Bereich;ISCED 5B: Tertiärbereich B;ISCED 5A/6: Tertiärbereich A und weiterführende Forschungsprogramme;ISCED 5/6: Tertiärbereich insgesamt;ISCED 5: Tertiärbereich ohne Forschungs- und Entwicklungsaktivitäten;Alle Bildungsbereiche (ohne Elementarbereich)
Staat;Jahr;US-Dollar;US-Dollar;US-Dollar;US-Dollar;US-Dollar;US-Dollar;US-Dollar;US-Dollar;US-Dollar;US-Dollar;US-Dollar
Australien;1997;m;3633;5012;6443;5570;7437;7852;12024;11240;m;m
Australien;1998;m;3981;5184;6830;5830;7218;8341;12279;11539;m;m
Australien;1999;m;4858;6710;7066;6850;7650;7993;12588;11725;m;m
Australien;2000;m;4967;6579;7424;6894;6694;7260;14044;12854;m;6904
Australien;2001;m;5052;7042;7587;7239;6057;7692;13654;12688;9200;7046
Australien;2002;m;5169;7063;7908;7375;7121;7544;13410;12416;8816;7209
Australien;2003;m;5494;7442;8362;7788;7341;7792;13331;12406;8645;7527
Australien;2004;m;5776;7747;8853;8160;7969;8425;15000;14036;10250;8053
Australien;2005;m;5992;7930;9223;8408;7973;8569;15599;14579;10199;8340
Australien;2006;4252;6311;8319;9315;8700;8113;8828;16070;15016;9982;8678
Australien;2007;6507;6498;8967;8639;8840;6660;8052;15944;14726;9214;8786
Australien;2008;6408;6723;9200;8821;9052;6769;8395;16297;15043;9926;9056
Australien;2009;8493;8328;10273;9916;10137;7445;9158;17460;16074;9867;10407
Australien;2010;8899;9463;10595;9966;10350;7124;8829;16502;15142;9379;10825
Australien;2011;10734;8671;10689;9859;10354;6728;8495;18038;16267;10068;10711
Belgien 2)3);1997;2768;3813;y;y;6938;y;y;y;7834;m;m
Belgien 2)3);1998;2726;3743;y;y;5970;y;y;y;6508;m;m
Belgien 2)3);1999;3035;3952;y;y;6444;y;y;y;9724;m;m
Belgien 2)3);2000;3282;4310;y;y;6889;y;y;y;10771;m;6544
Belgien 2)3);2001;4062;5321;y;y;7912;y;y;y;11589;8084;7548
Belgien 2)3);2002;4420;5665;y;y;8272;y;y;y;12019;8302;7933
Belgien 2)3);2003;4663;6180;y;y;7708;y;y;y;11824;8139;7831
Belgien 2)3);2004;4915;6636;y;y;7751;y;y;y;11842;7920;8019
Belgien 2)3);2005;4816;6648;y;y;7731;y;y;y;11960;8046;8034
Belgien 2)3);2006;5082;7072;y;y;8601;y;y;y;13244;8496;8827
Belgien 2)3);2007;5247;7363;y;y;8992;y;y;y;13482;8786;9162
Belgien 2)3);2008;5732;8528;y;y;10511;y;y;y;15020;9713;10589
Belgien 2)3);2009;5696;8341;y;y;10775;y;y;y;15443;10001;10758
Belgien 2)3);2010;6024;8852;y;y;11004;y;y;y;15179;9645;11028
Belgien 2)3);2011;6333;9281;y;y;11732;y;y;y;15420;10075;11585
Chile 4);1997;1929;2115;2220;2337;2292;a;4616;9820;8775;m;m
Chile 4);1998;1318;1500;1624;1764;1713;n;3121;6565;5897;m;m
Chile 4);1999;1431;1701;1767;2041;1941;a;3545;7652;6911;m;m
Chile 4);2000;1563;1940;1914;2081;2016;a;3987;8240;7483;m;2629
Chile 4);2001;1766;2110;2070;2094;2085;a;3486;7611;6901;m;2732
Chile 4);2002;2232;2211;2217;2387;2324;a;3351;7758;7023;m;3446
Chile 4);2003;2470;2139;2124;2281;2225;a;3128;8382;7011;m;2876
Chile 4);2004;2460;2120;2106;2062;2077;a;4371;8090;6873;m;2864
Chile 4);2005;2953;1936;1865;1956;1924;a;3922;7977;6620;m;2694
Chile 4);2006;2764;2088;2051;2111;2090;a;3562;8130;6292;m;2849
Chile 4);2007;3371;2268;2190;2239;2222;a;3360;8746;6626;6438;3088
Chile 4);2008;3951;2707;2596;2548;2564;a;3556;9329;6829;6478;3520
Chile 4);2009;3885;2981;2893;2892;2892;a;4132;8935;6863;6390;3860
Chile 4);2010;3544;3301;3092;3119;3110;a;4028;9580;7101;6829;4183
Chile 4);2011;5083;4551;4494;4496;4495;a;5045;11082;8333;7897;5522
Dänemark 2);1997;5487;6596;6615;7683;7198;7585;y;y;7294;m;m
Dänemark 2);1998;5664;6713;6617;7705;7200;6826;y;y;9562;m;m
Dänemark 2);1999;4208;6721;6904;8270;7626;m;y;y;10657;m;m
Dänemark 2);2000;4255;7074;7222;8164;7726;y;y;y;11981;m;8302
Dänemark 2);2001;4542;7572;7653;8531;8113;y;y;y;14280;10771;9075
Dänemark 2);2002;4673;7727;7949;8054;8003;y;y;y;15183;11604;9261
Dänemark 2);2003;4824;7814;7958;8401;8183;y;y;y;14014;10190;9154
Dänemark 2);2004;5323;8081;8224;9466;8849;y;y;y;15225;11387;9766
Dänemark 2);2005;5320;8513;8606;10197;9407;y;y;y;14959;m;10108
Dänemark 2);2006;5208;8798;8909;10400;9662;y;y;y;15391;m;10395
Dänemark 2);2007;5594;9176;8998;10342;9675;y;y;y;16466;m;10759
Dänemark 2);2008;6382;10080;10268;11160;10720;y;y;y;17634;m;11788
Dänemark 2);2009;8785;11166;11078;10996;11036;y;y;y;18556;m;12523
Dänemark 2);2010;9454;10935;11561;11914;11747;y;y;y;18977;m;12848
Dänemark 2);2011;14148;9434;10971;10908;10937;y;y;y;21254;m;12136
Deutschland 5);1997;4288;3490;4652;9322;6149;10839;5623;10083;9466;m;m
Deutschland 5);1998;4648;3531;4641;9519;6209;10924;5422;10139;9481;m;m
Deutschland 5);1999;4937;3818;4918;10107;6603;11679;5495;11209;10393;m;m
Deutschland 5);2000;5138;4198;5470;9625;6826;10148;5728;11754;10898;m;6849
Deutschland 5);2001;4956;4237;5366;9223;6620;9460;5633;11306;10504;6370;6696
Deutschland 5);2002;4999;4537;5667;9835;7025;9896;5739;11860;10999;6617;7129
Deutschland 5);2003;4865;4624;5627;10232;7173;10097;6299;12457;11594;7282;7368
Deutschland 5);2004;5489;4948;6082;10459;7576;10573;6413;13218;12255;7724;7802
Deutschland 5);2005;5508;5014;6200;10282;7636;10531;6938;13351;12446;7772;7872
Deutschland 5);2006;5683;5362;6632;9163;7548;8559;7352;13926;13016;7996;7925
Deutschland 5);2007;6119;5548;6851;9557;7841;8600;7394;14852;13823;8534;8270
Deutschland 5);2008;6887;5929;7509;10597;8606;8495;7693;17114;15390;9504;9115
Deutschland 5);2009;7862;6619;8130;11287;9285;8843;8192;17306;15711;9594;9779
Deutschland 5);2010;7896;7079;8747;11229;9667;9008;8419;17658;16043;9813;10228
Deutschland 5);2011;8351;7579;9247;12022;10275;9694;8891;18348;16723;10164;10904
Estland 6);1997;m;m;m;m;m;m;m;m;m;m;m
Estland 6);1998;m;m;m;m;m;m;m;m;m;m;m
Estland 6);1999;m;m;m;m;m;m;m;m;m;m;m
Estland 6);2000;m;m;m;m;m;m;m;m;m;m;m
Estland 6);2001;m;m;m;m;m;m;m;m;m;m;m
Estland 6);2002;m;m;m;m;m;m;m;m;m;m;m
Estland 6);2003;m;m;m;m;m;m;m;m;m;m;m
Estland 6);2004;1186;2894;3579;3670;3623;3717;4194;n;4552;m;3402
Estland 6);2005;1833;3384;3802;4033;3918;4417;2883;4386;3869;3867;3768
Estland 6);2006;1941;3675;3884;4831;4360;5426;3301;4462;4063;m;4126
Estland 6);2007;2232;4058;4495;5205;4869;6613;4365;5653;m;5214;4783
Estland 6);2008;3198;5579;6264;6461;6371;6327;5307;6022;m;5780;5982
Estland 6);2009;2551;5493;6225;6756;6519;7604;5186;6981;6373;3968;6210
Estland 6);2010;2533;5140;5948;6834;6444;7923;7361;6080;6501;3909;6126
Estland 6);2011;2618;5328;6009;6688;6389;8333;6628;8450;7868;4827;6563
Finnland 2);1997;6340;4639;4613;5463;5065;m;6902;7192;7145;m;m
Finnland 2);1998;3665;4641;4616;5515;5111;y;5776;7582;7327;m;m
Finnland 2);1999;3855;4138;6390;5479;5863;y;4500;8474;8114;m;m
Finnland 2);2000;3944;4317;6737;5641;6094;y;4208;8426;8244;m;6003
Finnland 2);2001;3640;4708;7496;5938;6537;y;4304;11143;10981;7061;6751
Finnland 2);2002;3929;5087;8197;6455;7121;y;3185;11833;11768;7332;7304
Finnland 2);2003;4069;5321;8608;6654;7402;y;3985;12060;12047;7506;7578
Finnland 2);2004;4282;5581;8918;6555;7441;y;8729;12507;12505;7697;7798
Finnland 2);2005;4395;5557;8875;6441;7324;y;n;12285;12285;7582;7711
Finnland 2);2006;4544;5899;9241;6585;7533;y;n;12845;12845;7951;8048
Finnland 2);2007;4789;6234;9730;6806;7829;y;n;13566;13566;8178;8440
Finnland 2);2008;5334;7092;10950;7461;8659;y;n;15402;15402;9592;9463
Finnland 2);2009;5553;7368;11338;7739;8947;y;n;16569;16569;10085;9910
Finnland 2);2010;5372;7624;11705;7912;9162;y;n;16714;16714;9802;10157
Finnland 2);2011;5700;8159;12545;8467;9792;y;n;18002;18002;10973;10905
Frankreich;1997;3462;3621;6087;7167;6564;5163;7683;7040;7177;m;m
Frankreich;1998;3609;3752;6133;7191;6605;m;7636;7113;7226;m;m
Frankreich;1999;3901;4139;6657;7766;7152;5839;8458;7709;7867;m;m
Frankreich;2000;4119;4486;7076;8334;7636;6207;8898;8230;8373;m;6708
Frankreich;2001;4323;4777;7491;8884;8107;6529;9378;8689;8837;6965;7124
Frankreich;2002;4512;5033;7820;9291;8472;6897;9801;9132;9276;7302;7467
Frankreich;2003;4744;4939;7603;9992;8653;5195;8925;11303;10704;7330;7807
Frankreich;2004;4938;5082;7837;9883;8737;4081;9113;11195;10668;7372;7880
Frankreich;2005;4817;5365;7881;10311;8927;4488;9483;11486;10995;7673;8101
Frankreich;2006;4995;5482;8265;10655;9303;m;9714;12180;11568;8016;8428
Frankreich;2007;5527;6044;8339;11082;9532;m;10632;13467;12773;9001;8932
Frankreich;2008;5787;6267;8816;12087;10231;m;11461;14945;14079;9854;9562
Frankreich;2009;6185;6373;9111;12809;10696;m;12102;15494;14642;10042;9913
Frankreich;2010;6362;6622;9399;12874;10877;m;12283;15997;15067;10309;10182
Frankreich;2011;6615;6917;9668;13071;11109;m;12554;16328;15375;10470;10454
Griechenland 2)3)6);1997;y;2351;y;y;2581;183;3848;4045;3990;m;m
Griechenland 2)3)6);1998;y;2368;y;y;3287;2773;3232;4521;4157;m;m
Griechenland 2)3)6);1999;y;2176;y;y;2904;5415;3439;4606;4260;m;m
Griechenland 2)3)6);2000;y;3318;y;y;3859;1400;2889;3643;3402;m;3494
Griechenland 2)3)6);2001;y;3299;y;y;3768;1155;2373;5188;4280;3534;3680
Griechenland 2)3)6);2002;y;3803;y;y;4058;2958;2840;5646;4731;4372;4136
Griechenland 2)3)6);2003;y;4218;y;y;4954;4181;2602;6071;4924;3757;4686
Griechenland 2)3)6);2004;y;4595;y;y;5213;5688;2549;7199;5593;4521;5135
Griechenland 2)3)6);2005;y;5146;y;y;8423;7266;3417;7661;6130;4928;5692
Griechenland 2)3)6);2006;y;m;y;y;m;m;m;m;m;m;m
Griechenland 2)3)6);2007;m;m;m;m;m;m;m;m;m;m;m
Griechenland 2)3)6);2008;m;m;m;m;m;m;m;m;m;m;m
Griechenland 2)3)6);2009;y;m;y;y;m;m;m;m;m;m;m
Griechenland 2)3)6);2010;m;m;m;m;m;m;m;m;m;m;m
Griechenland 2)3)6);2011;m;m;m;m;m;m;m;m;m;m;m
Irland 2)6);1997;2559;2574;y;y;3864;3783;y;y;7998;m;m
Irland 2)6);1998;2555;2745;y;y;3934;4361;y;y;8522;m;m
Irland 2)6);1999;3386;3018;4401;4362;4383;4168;y;y;9673;m;m
Irland 2)6);2000;2863;3385;4625;4655;4638;4234;y;y;11083;m;5016
Irland 2)6);2001;4026;3743;5214;5285;5245;4783;y;y;10003;8086;5294
Irland 2)6);2002;m;4180;5698;5758;5725;5978;y;y;9809;7721;5711
Irland 2)6);2003;m;4760;6329;6428;6374;5759;y;y;9341;7223;6118
Irland 2)6);2004;4948;5422;6943;7309;7110;5169;y;y;10211;7445;6713
Irland 2)6);2005;5345;5732;7352;7680;7500;5811;y;y;10468;7386;7108
Irland 2)6);2006;6569;6337;8964;9024;8991;6212;y;y;11832;8407;8092
Irland 2)6);2007;m;6901;9207;9575;9375;6570;y;y;12631;8907;8628
Irland 2)6);2008;m;7795;10583;11205;10868;7571;y;y;16284;11651;10082
Irland 2)6);2009;m;8219;11069;12731;11831;9047;y;y;16420;11256;10713
Irland 2)6);2010;m;8384;11477;11265;11380;10394;y;y;16008;11512;10685
Irland 2)6);2011;m;8520;11442;11576;11502;11636;y;y;16095;11938;10857
Island 2)6);1997;3591;m;m;m;m;m;m;m;m;m;m
Island 2)6);1998;m;m;m;m;m;m;m;m;m;m;m
Island 2)6);1999;m;m;m;m;m;m;m;m;m;m;m
Island 2)6);2000;m;5854;6705;6378;6518;m;m;7548;7994;m;6446
Island 2)6);2001;m;6373;7123;7369;7265;m;8067;7671;7674;m;7101
Island 2)6);2002;m;7171;7532;7001;7229;y;12869;8232;8251;m;7548
Island 2)6);2003;6781;7752;7475;6459;6898;y;m;8023;8023;5809;7438
Island 2)6);2004;6114;8434;8284;7330;7721;y;y;y;8881;m;8264
Island 2)6);2005;6800;9254;8985;8004;8411;y;y;y;9474;m;8931
Island 2)6);2006;8154;9299;8910;8196;8493;y;y;y;8579;m;8823
Island 2)6);2007;8884;9629;9147;7807;8349;y;y;y;9309;m;9015
Island 2)6);2008;10080;10599;10100;8290;9007;y;y;y;10429;m;9873
Island 2)6);2009;9636;10099;9778;7934;8644;y;y;y;9939;m;9429
Island 2)6);2010;8606;9482;9204;7014;7841;y;y;y;8728;m;8619
Island 2)6);2011;9138;10339;10160;7461;8470;y;y;y;8612;m;9180
Israel 2);1997;m;m;m;m;m;m;m;m;m;m;m
Israel 2);1998;3094;4135;y;y;5115;3570;8413;11400;10765;m;m
Israel 2);1999;3415;4240;y;y;5164;4115;7965;12088;11210;m;m
Israel 2);2000;3369;4351;y;y;5518;4240;8115;15544;11550;m;5837
Israel 2);2001;3428;4650;y;y;5617;4051;7521;12751;11494;m;6033
Israel 2);2002;3663;4770;y;y;5767;4165;7762;12325;11295;m;6140
Israel 2);2003;3718;5017;y;y;5959;3723;8372;12941;11945;m;6436
Israel 2);2004;4278;5192;y;y;6066;4272;8673;11922;11289;8771;6540
Israel 2);2005;3650;4699;y;y;5495;4275;8232;11581;10919;8476;6000
Israel 2);2006;3803;4923;y;y;5858;4850;8780;11680;11132;m;6293
Israel 2);2007;3631;5060;y;y;5741;4910;9092;11977;11435;m;6344
Israel 2);2008;3953;5314;y;y;6429;5429;9690;13248;12568;m;6885
Israel 2);2009;3998;5202;y;y;5842;4871;9393;11621;11214;m;6410
Israel 2);2010;3910;5758;y;y;5616;5096;9748;10945;10730;m;6537
Israel 2);2011;4058;6823;y;y;5712;2834;6474;12711;11554;m;7167
Italien 2)6);1997;4462;5073;6716;5983;6284;y;5206;5981;5972;m;m
Italien 2)6);1998;4730;5653;6627;6340;6458;y;6283;6295;6295;m;m
Italien 2)6);1999;5133;5354;6206;6741;6518;m;7147;7557;7552;m;m
Italien 2)6);2000;5771;5973;7089;7308;7218;m;4114;8136;8065;m;6928
Italien 2)6);2001;5972;6783;8558;8051;8258;m;13456;8270;8347;5064;7839
Italien 2)6);2002;5445;7231;8073;7221;7568;m;7429;8649;8636;m;7708
Italien 2)6);2003;6116;7366;7688;8108;7938;m;7443;8777;8764;5658;7963
Italien 2)6);2004;5971;7390;7657;7971;7843;m;8378;7716;7723;4812;7723
Italien 2)6);2005;6139;6835;7599;7682;7648;m;7420;8032;8026;5314;7540
Italien 2)6);2006;7083;7716;8527;8474;8495;m;6920;8738;8725;5628;8263
Italien 2)6);2007;7191;7383;8222;7864;8004;m;7772;8678;8673;5447;7948
Italien 2)6);2008;8187;8671;9616;9121;9315;m;8944;9556;9553;5959;9149
Italien 2)6);2009;7948;8669;9165;9076;9112;m;9565;9562;9562;5980;9055
Italien 2)6);2010;7177;8296;8548;8646;8607;m;10674;9576;9580;6266;8690
Italien 2)6);2011;7868;8448;8686;8519;8585;m;9134;9993;9990;6482;8790
Japan 2);1997;3096;5202;5512;6314;5917;y;7750;10623;10157;m;m
Japan 2);1998;3123;5075;5515;6257;5890;y;7270;10374;9871;m;m
Japan 2);1999;3154;5240;5612;6460;6039;y;7649;10749;10278;m;m
Japan 2);2000;3376;5507;5904;6615;6266;y;8507;11302;10914;m;6744
Japan 2);2001;3478;5771;6166;6880;6534;y;8823;11493;11164;m;7018
Japan 2);2002;3691;6117;6607;7274;6952;y;9580;11984;11716;m;7438
Japan 2);2003;3766;6350;6991;7552;7283;y;7638;12913;11556;m;7789
Japan 2);2004;3945;6551;7325;7883;7615;y;7619;13777;12193;m;8148
Japan 2);2005;4174;6744;7630;8164;7908;y;7969;13827;12326;m;8378
Japan 2);2006;4389;6989;8004;8589;8305;y;8634;15022;13418;m;8872
Japan 2);2007;4518;7247;8346;9159;8760;y;9139;15822;14201;m;9312
Japan 2);2008;4711;7491;8621;9559;9092;y;9451;16533;14890;m;9673
Japan 2);2009;5103;7729;8985;9527;9256;y;10125;17511;15957;m;10035
Japan 2);2010;5550;8353;9847;10064;9957;y;10239;17544;16015;m;10596
Japan 2);2011;5591;8280;9677;10093;9886;y;10181;18110;16446;m;10646
Kanada 2)4)6);1997;3942;m;m;m;m;4862;14872;14783;14809;m;m
Kanada 2)4)6);1998;4535;m;m;m;m;5735;13795;14899;14579;m;m
Kanada 2)4)6);1999;4466;y;y;y;5981;y;y;15470;15211;m;m
Kanada 2)4)6);2000;6120;y;y;y;5947;y;12801;16690;14983;m;7764
Kanada 2)4)6);2001;m;m;m;m;m;m;m;m;m;m;m
Kanada 2)4)6);2002;m;m;m;m;m;m;m;m;m;m;m
Kanada 2)4)6);2003;y;y;y;y;6482;y;23780;18567;19992;16937;8641
Kanada 2)4)6);2004;m;m;m;m;m;m;m;m;m;m;m
Kanada 2)4)6);2005;y;y;y;y;7837;y;m;20156;m;m;m
Kanada 2)4)6);2006;y;y;y;y;7774;y;m;22810;m;m;m
Kanada 2)4)6);2007;y;y;y;y;8045;y;15091;24424;20278;14731;m
Kanada 2)4)6);2008;y;7648;y;9754;8388;m;15557;24384;20903;15119;m
Kanada 2)4)6);2009;y;8262;y;10340;8997;m;13605;25341;20932;15126;m
Kanada 2)4)6);2010;y;8933;y;11317;m;m;14461;27123;22475;16300;m
Kanada 2)4)6);2011;y;9232;y;11607;m;m;15729;27373;23226;17006;m
Korea;1997;1676;3308;3374;3652;3518;a;4346;8512;6844;m;m
Korea;1998;1287;2838;3374;3692;3544;a;4185;7820;6356;m;m
Korea;1999;1752;2838;3208;3597;3419;a;3494;6612;5356;m;m
Korea;2000;1949;3155;3655;4440;4069;a;4106;7502;6118;m;4294
Korea;2001;1913;3714;4612;5681;5159;a;4295;8236;6618;m;5035
Korea;2002;2497;3553;5036;6747;5882;a;3772;7630;6047;m;5053
Korea;2003;2628;4098;5425;7442;6410;a;4021;9138;7089;6213;5733
Korea;2004;2520;4490;6057;7485;6761;a;4263;8600;7068;6154;5994
Korea;2005;2426;4691;5661;7765;6645;a;3811;9938;7606;6607;6212
Korea;2006;3393;4935;5719;9060;7261;a;4653;10844;8564;7517;6811
Korea;2007;3909;5437;6287;9620;7860;a;5279;10115;8920;7796;7325
Korea;2008;4281;5420;6307;9666;7931;a;5742;10109;9081;7771;7434
Korea;2009;6047;6658;7536;11300;9399;a;6313;10499;9513;8096;8542
Korea;2010;6739;6601;6652;9477;8060;a;5713;11271;9972;8226;8198
Korea;2011;6861;6976;6674;9698;8199;a;5692;11230;9927;8168;8382
Luxemburg 2)6)7);1997;m;m;m;m;m;m;m;m;m;m;m
Luxemburg 2)6)7);1998;m;m;m;m;m;m;m;m;m;m;m
Luxemburg 2)6)7);1999;m;m;m;m;m;m;m;m;m;m;m
Luxemburg 2)6)7);2000;m;m;m;m;m;m;m;m;m;m;m
Luxemburg 2)6)7);2001;y;7873;y;y;11091;y;m;m;m;m;m
Luxemburg 2)6)7);2002;y;10611;y;y;15195;y;m;m;m;m;m
Luxemburg 2)6)7);2003;y;11481;16754;17364;17078;m;m;m;m;m;m
Luxemburg 2)6)7);2004;y;13458;18036;17731;17876;m;m;m;m;m;m
Luxemburg 2)6)7);2005;y;14079;18844;18845;18845;m;m;m;m;m;m
Luxemburg 2)6)7);2006;y;13676;18144;18144;18144;m;m;m;m;m;m
Luxemburg 2)6)7);2007;y;13985;17928;17928;17928;m;m;m;m;m;m
Luxemburg 2)6)7);2008;13460;13648;19791;20002;19898;m;m;m;m;m;m
Luxemburg 2)6)7);2009;16247;16494;19202;19443;19324;m;m;m;m;m;m
Luxemburg 2)6)7);2010;20958;21240;17449;17813;17633;m;m;m;m;m;m
Luxemburg 2)6)7);2011;25074;23871;16125;16238;16182;m;m;m;m;m;m
Mexiko 2);1997;979;935;1443;2320;1726;a;y;4519;4519;m;m
Mexiko 2);1998;865;863;1268;2253;1586;a;y;3800;3800;m;m
Mexiko 2);1999;1204;1096;1129;2226;1480;a;y;y;4789;m;m
Mexiko 2);2000;1385;1291;1289;2317;1615;a;y;y;4688;m;1666
Mexiko 2);2001;1410;1357;1342;3144;1915;a;y;y;4341;3538;1793
Mexiko 2);2002;1643;1467;1477;2378;1768;a;y;y;6074;5298;1950
Mexiko 2);2003;2069;1656;1495;2790;1918;a;y;y;5774;4998;2095
Mexiko 2);2004;1794;1694;1602;2564;1922;a;y;y;5778;4834;2128
Mexiko 2);2005;1964;1913;1839;2853;2180;a;y;y;6402;5346;2405
Mexiko 2);2006;1978;2003;1814;2856;2165;a;y;y;6462;5393;2460
Mexiko 2);2007;1979;2111;1814;3070;2236;a;y;y;6971;5862;2598
Mexiko 2);2008;2391;2246;1853;3277;2333;a;y;y;7504;6298;2763
Mexiko 2);2009;2158;2185;2014;3534;2536;a;y;y;8020;6756;2875
Mexiko 2);2010;2280;2331;2102;3617;2632;a;y;y;7872;6611;2993
Mexiko 2);2011;2568;2622;2344;4034;2943;a;y;y;7889;6476;3286
Neuseeland;1997;m;m;m;m;m;m;m;m;m;m;m
Neuseeland;1998;m;m;m;m;m;m;m;m;m;m;m
Neuseeland;1999;m;m;m;m;m;m;m;m;m;m;m
Neuseeland;2000;m;m;m;m;m;m;m;m;m;m;m
Neuseeland;2001;m;m;m;m;m;m;m;m;m;m;m
Neuseeland;2002;4650;4536;4540;7330;5698;m;m;m;m;m;m
Neuseeland;2003;4325;4841;4803;6730;5693;8016;6064;9738;8832;m;5963
Neuseeland;2004;5112;5190;5334;7424;6299;5412;5791;9834;8866;8240;6298
Neuseeland;2005;4778;4780;5165;7586;6278;6126;7740;11002;10262;8864;6342
Neuseeland;2006;5113;4952;5347;6838;6043;5734;6533;10101;9288;8010;6222
Neuseeland;2007;5185;4675;5146;6828;5933;6794;7322;10666;9905;8539;6226
Neuseeland;2008;7431;5582;6071;8025;6994;8796;8594;11125;10526;8815;7218
Neuseeland;2009;11202;6812;7304;8670;7960;9421;8521;11185;10619;8939;8117
Neuseeland;2010;11495;6842;7400;9007;8170;9440;8491;10923;10418;8816;8192
Neuseeland;2011;11088;8084;8670;10023;9312;9898;8863;10995;10582;9039;9163
Niederlande 2)3);1997;3310;3335;5060;4903;4992;y;6862;10028;9989;m;m
Niederlande 2)3);1998;3630;3795;5459;5120;5304;y;7592;10796;10757;m;m
Niederlande 2)3);1999;3848;4162;5747;5575;5670;m;7227;12354;12285;m;m
Niederlande 2)3);2000;3920;4325;6100;5671;5912;5006;6890;12004;11934;m;6125
Niederlande 2)3);2001;4228;4862;6779;5911;6403;5506;7380;13044;12974;8075;6733
Niederlande 2)3);2002;4923;5558;7257;6256;6823;5872;7622;13163;13101;7977;7241
Niederlande 2)3);2003;5497;5836;7566;6271;6996;5723;m;13537;13444;8338;7501
Niederlande 2)3);2004;5807;6222;7948;7037;7541;6624;a;13846;13846;8637;7999
Niederlande 2)3);2005;5885;6266;8166;7225;7741;7000;n;13883;13883;8719;8147
Niederlande 2)3);2006;6006;6425;9149;9918;9516;10238;n;15196;15196;9717;9330
Niederlande 2)3);2007;6130;6552;9902;10616;10248;10881;n;15969;15969;10421;9883
Niederlande 2)3);2008;6745;7208;10608;11301;10950;11408;n;17245;17245;11203;10704
Niederlande 2)3);2009;7437;7917;11708;11880;11793;11642;10056;17854;17849;11479;11493
Niederlande 2)3);2010;7664;7954;11925;11750;11838;11145;9873;17172;17161;10818;11439
Niederlande 2)3);2011;8020;8036;12031;12171;12100;11532;10208;17561;17549;10665;11701
Norwegen 2)6);1997;m;6315;6315;7358;6973;y;y;y;10108;m;m
Norwegen 2)6);1998;7924;5761;7116;7839;7343;y;y;10918;10918;m;m
Norwegen 2)6);1999;11699;5920;7387;7819;7628;y;y;y;12096;m;m
Norwegen 2)6);2000;13170;6550;8185;8925;8476;y;y;y;13353;m;8333
Norwegen 2)6);2001;8246;7404;8365;9840;9040;y;y;y;13189;m;9004
Norwegen 2)6);2002;m;7508;8536;11510;10154;y;y;y;13739;m;9560
Norwegen 2)6);2003;3895;7977;9208;12380;10919;y;y;y;13772;9310;10105
Norwegen 2)6);2004;4327;8533;9476;12498;11109;y;y;y;14997;10449;10721
Norwegen 2)6);2005;5236;9001;9687;12096;10995;y;y;y;15552;9981;10980
Norwegen 2)6);2006;5625;9486;10075;12559;11435;y;y;y;16235;10730;11487
Norwegen 2)6);2007;5886;9922;10603;13132;11997;y;y;y;17140;10071;11967
Norwegen 2)6);2008;6572;11077;11860;14039;13070;y;y;y;18942;11598;13285
Norwegen 2)6);2009;6696;11833;12505;14983;13883;y;y;y;19269;11290;14020
Norwegen 2)6);2010;6610;12255;12603;14845;13852;y;y;y;18512;10933;14081
Norwegen 2)6);2011;6730;12459;12769;14838;13939;y;y;y;18840;11036;14288
Österreich 2)6);1997;4867;6258;7215;9462;8213;7412;y;y;9993;m;m
Österreich 2)6);1998;5029;6065;7669;8783;8163;7245;y;y;11279;m;m
Österreich 2)6);1999;5080;6568;8434;8584;8504;9131;y;y;12070;m;m
Österreich 2)6);2000;5471;6560;8934;8165;8578;10947;y;y;10851;m;8430
Österreich 2)6);2001;5713;6571;8316;8852;8562;8240;9884;11382;11274;7388;8462
Österreich 2)6);2002;6169;7015;8683;9125;8887;12471;9584;12701;12448;7781;8943
Österreich 2)6);2003;6205;7139;8719;9189;8943;y;10382;12507;12344;8116;9063
Österreich 2)6);2004;6106;7669;8969;9962;9446;y;10072;14281;13959;9595;9803
Österreich 2)6);2005;6562;8259;9505;10028;9751;y;11394;15028;14775;10061;10407
Österreich 2)6);2006;6783;8516;10011;11205;10577;y;13006;15284;15148;10541;10895
Österreich 2)6);2007;6409;8664;10249;11068;10641;6518;12364;15174;15039;10552;10974
Österreich 2)6);2008;7508;9542;11533;11956;11741;7354;12218;15081;15043;10477;11852
Österreich 2)6);2009;8202;10080;12442;12737;12589;y;14210;14258;14257;9811;12285
Österreich 2)6);2010;8893;10244;12711;12390;12551;5418;6491;15101;15007;10488;12507
Österreich 2)6);2011;8933;10600;13547;13666;13607;5917;6944;14967;14895;10487;13116
Polen 2)6);1997;m;1435;y;1452;m;y;y;4293;4395;m;m
Polen 2)6);1998;2747;1496;y;1438;1438;m;y;4262;4262;m;m
Polen 2)6);1999;1898;1888;y;1583;1583;y;y;3912;3912;m;m
Polen 2)6);2000;2278;2105;y;1790;m;y;1135;3252;3222;m;2149
Polen 2)6);2001;2220;2322;y;2592;m;2134;3341;3582;3579;2864;2573
Polen 2)6);2002;2691;2585;y;2599;m;2896;y;y;4834;4204;2962
Polen 2)6);2003;3269;2859;2693;3184;2951;6866;m;4653;4589;3960;3221
Polen 2)6);2004;4045;3130;2822;2949;2889;3147;2756;4471;4412;3893;3323
Polen 2)6);2005;4130;3312;2971;3131;3055;2956;y;y;5593;4883;3592
Polen 2)6);2006;4545;3770;3315;3498;3411;3586;y;y;5224;4468;3868
Polen 2)6);2007;4658;4063;3643;3543;3590;4461;4742;5587;5576;4637;4134
Polen 2)6);2008;5792;4855;4424;4613;4525;6184;5079;7089;7063;6038;5135
Polen 2)6);2009;5610;5302;4871;5159;5026;7865;5691;7800;7776;6502;5666
Polen 2)6);2010;5737;5937;5428;5530;5483;7020;6432;8892;8866;7281;6321
Polen 2)6);2011;6409;6233;5995;5764;5870;10620;6851;9686;9659;7916;6796
Portugal 2)6);1997;2044;3248;4183;4356;4264;a;y;y;m;m;m
Portugal 2)6);1998;1717;3121;4219;5137;4636;a;m;m;m;m;m
Portugal 2)6);1999;2165;3478;4958;5422;5181;a;y;y;4802;m;m
Portugal 2)6);2000;2237;3672;5151;5563;5349;a;y;y;4766;m;4552
Portugal 2)6);2001;m;4181;5882;6076;5976;a;y;y;5199;m;5092
Portugal 2)6);2002;4158;4940;6727;7155;6921;a;y;y;6960;4693;6080
Portugal 2)6);2003;4489;4503;6158;6022;6094;a;y;y;7200;m;5611
Portugal 2)6);2004;4461;4681;6359;5962;6168;m;y;y;7741;m;5809
Portugal 2)6);2005;4808;4871;6555;6381;6473;m;y;y;8787;6785;6197
Portugal 2)6);2006;4897;5138;6677;7052;6846;m;y;y;9724;7208;6624
Portugal 2)6);2007;5006;5011;6497;7243;6833;m;y;y;10398;7428;6677
Portugal 2)6);2008;5248;5234;6910;7924;7357;m;y;y;10373;6097;7005
Portugal 2)6);2009;5661;5762;8448;9015;8709;m;y;y;10481;5504;7829
Portugal 2)6);2010;5977;5922;8504;9327;8882;m;y;y;10578;5843;8009
Portugal 2)6);2011;5674;5865;8294;9139;8676;m;y;y;9640;5219;7741
Schweden 2);1997;2943;5491;5468;5417;5437;m;y;y;12981;m;m
Schweden 2);1998;3210;5579;5567;5701;5648;m;y;y;13224;m;m
Schweden 2);1999;3396;5736;5678;6077;5911;6675;y;y;14222;m;m
Schweden 2);2000;3343;6336;6238;6411;6339;4452;y;y;15097;m;7524
Schweden 2);2001;3504;6295;6285;6628;6482;3757;y;y;15188;8356;7612
Schweden 2);2002;4107;7143;7075;7670;7400;3952;y;y;15715;7832;8520
Schweden 2);2003;4091;7291;7446;7848;7662;2867;y;y;16073;8278;8792
Schweden 2);2004;4417;7469;7836;8218;8039;3437;y;y;16218;8355;9085
Schweden 2);2005;4852;7532;8091;8292;8198;2691;y;y;15946;8281;9156
Schweden 2);2006;5475;7699;8365;8610;8496;4991;y;y;16991;8855;9523
Schweden 2);2007;5666;8338;9020;9247;9143;6467;6005;19013;18361;9402;10262
Schweden 2);2008;6519;9080;9739;10103;9940;6128;7865;20864;20014;10019;11162
Schweden 2);2009;6549;9382;9642;10375;10050;5974;6658;21144;19961;9464;11400
Schweden 2);2010;6582;9987;9776;10497;10185;6176;6387;20750;19562;9143;11734
Schweden 2);2011;6915;10295;10823;11022;10938;4029;6604;22090;20818;9922;12426
Schweiz 2)6);1997;2451;6237;7393;10833;9045;7856;14825;16560;16376;m;m
Schweiz 2)6);1998;2593;6470;7618;11219;9348;7621;10273;17310;16563;m;m
Schweiz 2)6);1999;2764;6663;7824;11819;9756;7960;13421;18584;17997;m;m
Schweiz 2)6);2000;3114;6631;8012;11622;9780;7199;10516;19491;18450;m;9311
Schweiz 2)6);2001;3080;6889;8219;13701;10916;5910;6785;21815;20230;m;8795
Schweiz 2)6);2002;3450;7776;9200;14693;11900;8591;7286;25524;23714;m;11334
Schweiz 2)6);2003;3558;8131;9538;15014;12209;8485;7579;27682;25900;14335;12071
Schweiz 2)6);2004;3581;8570;9197;15368;12176;8401;5971;23395;21966;12515;11883
Schweiz 2)6);2005;3853;8469;9756;16166;12861;9119;4163;23137;21734;13041;12195
Schweiz 2)6);2006;4166;8793;10121;16540;13268;10129;4101;23593;22230;12783;12667
Schweiz 2)6);2007;4506;9211;10574;17362;13982;7506;3889;22346;20883;10977;13031
Schweiz 2)6);2008;4911;9063;16737;18844;17825;y;5139;23284;21648;9845;14977
Schweiz 2)6);2009;5147;10597;14068;17013;15645;y;5502;23111;21577;9465;14716
Schweiz 2)6);2010;5186;11513;14216;15595;14972;y;5021;23457;21893;9620;14922
Schweiz 2)6);2011;5267;12907;15124;16521;15891;y;6371;24287;22882;10017;16090
Slowakei 2);1997;m;m;m;m;m;m;m;m;m;m;m
Slowakei 2);1998;m;m;m;m;m;m;m;m;m;m;m
Slowakei 2);1999;1880;y;1811;2637;2163;y;y;5325;5325;m;m
Slowakei 2);2000;1644;1308;1558;2488;1927;y;y;4949;4949;m;2028
Slowakei 2);2001;1740;1252;1483;2452;1874;y;y;5285;5285;4788;2031
Slowakei 2);2002;2125;1471;1806;2694;2193;y;y;4756;4756;4407;2300
Slowakei 2);2003;2641;2020;2106;2737;2401;y;y;4678;4678;4299;2602
Slowakei 2);2004;2575;2073;2389;3155;2744;y;y;6535;6535;5940;3058
Slowakei 2);2005;2895;2806;2430;3026;2716;y;y;5783;5783;5131;3139
Slowakei 2);2006;3156;3221;2841;3081;2963;y;y;6056;6056;5324;3485
Slowakei 2);2007;3419;3499;2946;3475;3219;y;y;5736;5736;4922;3694
Slowakei 2);2008;3977;4137;3716;4174;3956;y;y;6560;6560;5671;4446
Slowakei 2);2009;4433;5099;4747;4578;4658;y;y;6758;6758;5919;5134
Slowakei 2);2010;4306;5732;5147;4501;4806;y;y;6904;6904;5831;5400
Slowakei 2);2011;4653;5517;5109;4783;4938;y;y;8177;8177;6436;5667
Slowenien 2)6);1997;m;m;m;m;m;m;m;m;m;m;m
Slowenien 2)6);1998;m;m;m;m;m;m;m;m;m;m;m
Slowenien 2)6);1999;m;m;m;m;m;m;m;m;m;m;m
Slowenien 2)6);2000;m;m;m;m;m;m;m;m;m;m;m
Slowenien 2)6);2001;m;m;m;m;m;m;m;m;m;m;m
Slowenien 2)6);2002;m;m;m;m;m;m;m;m;m;m;m
Slowenien 2)6);2003;m;m;m;m;m;m;m;m;m;m;m
Slowenien 2)6);2004;6369;y;7428;5062;6525;y;y;y;8011;6866;6824
Slowenien 2)6);2005;6364;y;7994;5565;7065;y;y;y;8573;7037;7378
Slowenien 2)6);2006;7209;y;8510;6550;7759;y;y;y;8251;6762;7869
Slowenien 2)6);2007;8464;y;7981;6072;7267;y;y;y;8559;7037;7560
Slowenien 2)6);2008;8029;y;9287;7284;8555;y;y;y;9263;7608;8719
Slowenien 2)6);2009;7979;y;9386;7409;8670;y;y;y;9311;7510;8826
Slowenien 2)6);2010;7744;8935;9368;7472;8187;y;y;y;9693;7719;8933
Slowenien 2)6);2011;8136;9260;9947;7724;8568;y;y;y;10413;8279;9233
Spanien 2);1997;2520;3180;3295;5335;4274;y;4301;5217;5166;m;m
Spanien 2);1998;2586;3267;y;y;4274;y;4767;5056;5038;m;m
Spanien 2);1999;2789;3635;y;y;4864;y;5111;5760;5707;m;m
Spanien 2);2000;3370;3941;y;y;5185;y;6306;6712;6666;m;5037
Spanien 2);2001;3608;4168;y;y;5442;y;7280;7483;7455;5951;5385
Spanien 2);2002;3845;4592;y;y;6010;y;7718;8074;8020;6030;5914
Spanien 2);2003;4151;4829;y;y;6418;y;7997;9131;8943;6563;6346
Spanien 2);2004;4617;4965;y;y;6701;a;8363;9582;9378;6853;6599
Spanien 2);2005;5015;5502;y;y;7211;a;9059;10301;10089;7182;7134
Spanien 2);2006;5372;5970;y;y;7955;a;9798;11342;11087;7845;7819
Spanien 2);2007;6138;6533;8155;9867;8730;a;10650;12940;12548;8954;8618
Spanien 2);2008;6708;7184;9108;11113;9792;a;10725;13928;13366;9451;9499
Spanien 2);2009;6946;7446;9484;11265;10111;a;10990;14191;13614;9656;9800
Spanien 2);2010;6685;7291;9208;10306;9608;a;10384;14072;13373;9494;9484
Spanien 2);2011;6725;7288;9335;10090;9615;a;10042;13933;13173;9436;9454
Tschechien;1997;2526;1954;3331;4030;3641;1688;2675;6159;5351;m;m
Tschechien;1998;2231;1645;2879;3575;3182;1334;3191;6326;5584;m;m
Tschechien;1999;2404;1769;2998;4043;3449;832;1886;6679;5688;m;m
Tschechien;2000;2435;1827;3134;3360;3239;1624;1970;5946;5431;m;3004
Tschechien;2001;2449;1871;3245;3663;3448;1607;2789;5907;5555;m;3169
Tschechien;2002;2724;2077;3601;3657;3628;1623;2703;6671;6236;4963;3449
Tschechien;2003;2660;2273;3939;4241;4088;2051;3339;7185;6774;5698;3898
Tschechien;2004;3178;2791;4769;4790;4779;2191;3273;7142;6752;5711;4484
Tschechien;2005;3353;2812;4864;4830;4847;2098;3105;7019;6649;5409;4545
Tschechien;2006;3586;3217;5399;5217;5307;1943;3333;8437;7989;6464;5174
Tschechien;2007;3700;3359;5635;5428;5527;1939;3438;8621;8209;6824;5426
Tschechien;2008;4181;3799;6338;6030;6174;1663;3371;8738;8318;6920;5895
Tschechien;2009;4452;4196;6973;6293;6602;1915;3407;8615;8237;6672;6216
Tschechien;2010;4247;4120;6919;6244;6546;1920;3275;7970;7635;6244;6037
Tschechien;2011;4302;4587;7730;6886;7270;2205;3350;9856;9392;6320;6931
Türkei 2)6);1997;m;m;m;m;m;m;y;y;2397;m;m
Türkei 2)6);1998;m;m;m;m;m;m;m;m;m;m;m
Türkei 2)6);1999;m;m;m;m;m;m;y;y;4328;m;m
Türkei 2)6);2000;m;m;m;m;m;a;y;y;4121;m;1073
Türkei 2)6);2001;m;m;a;m;m;a;y;y;m;3950;m
Türkei 2)6);2002;m;m;a;m;m;a;m;m;m;4267;m
Türkei 2)6);2003;m;869;a;1428;1428;a;y;y;m;4248;1266
Türkei 2)6);2004;m;1120;a;1808;1808;a;m;m;m;4231;1527
Türkei 2)6);2005;m;m;m;m;m;m;m;m;m;m;m
Türkei 2)6);2006;m;1130;a;1834;1834;a;y;y;m;4648;1614
Türkei 2)6);2007;m;m;a;m;m;a;m;m;m;m;m
Türkei 2)6);2008;m;m;a;m;m;a;m;m;m;m;m
Türkei 2)6);2009;m;m;a;m;m;a;m;m;m;m;m
Türkei 2)6);2010;2490;1860;a;2470;2470;a;m;m;m;m;m
Türkei 2)6);2011;2412;2218;2250;3239;2736;a;y;y;8193;m;3240
Ungarn 2)6);1997;2106;2035;1933;2259;2093;1960;m;5430;5430;m;m
Ungarn 2)6);1998;2160;2028;1906;2383;2140;2304;a;5080;5073;m;m
Ungarn 2)6);1999;2458;2179;2017;2756;2368;2983;y;y;5861;m;m
Ungarn 2)6);2000;2511;2245;2109;2829;2446;3223;3474;7098;7024;m;2956
Ungarn 2)6);2001;2882;2592;2325;2981;2633;4135;3026;7266;7122;5822;3254
Ungarn 2)6);2002;3475;3016;2836;3573;3184;5383;8691;8187;8205;6498;3872
Ungarn 2)6);2003;3985;3286;3269;4620;3948;y;8427;8583;8576;6885;4427
Ungarn 2)6);2004;4231;3841;3433;3968;3692;6351;5089;7198;7095;5607;4326
Ungarn 2)6);2005;4402;4438;3993;3613;3806;4731;4549;6328;6244;4837;4423
Ungarn 2)6);2006;4516;4599;4161;3793;3978;4778;4272;6469;6367;4843;4588
Ungarn 2)6);2007;4304;4656;4321;4131;4225;4782;3714;6869;6721;5365;4811
Ungarn 2)6);2008;4750;4495;4852;4471;4658;5132;5055;7454;7327;5732;5135
Ungarn 2)6);2009;4745;4467;4874;4181;4514;4701;5402;8725;8518;6645;5227
Ungarn 2)6);2010;4773;4684;4657;4459;4553;3360;4463;9071;8745;6824;5285
Ungarn 2)6);2011;4564;4566;4709;4455;4574;3165;5213;9521;9210;7153;5410
Vereinigtes Königreich 2)3);1997;5312;3206;y;y;4609;y;y;y;8169;m;m
Vereinigtes Königreich 2)3);1998;4910;3329;y;y;5230;y;y;y;9699;m;m
Vereinigtes Königreich 2)3);1999;6233;3627;y;y;5608;y;y;y;9554;m;m
Vereinigtes Königreich 2)3);2000;6677;3877;y;y;5991;y;y;y;9657;m;5592
Vereinigtes Königreich 2)3);2001;7595;4415;y;y;5933;y;y;y;10753;8101;5972
Vereinigtes Königreich 2)3);2002;8452;5150;y;y;6505;y;y;y;11822;8966;6691
Vereinigtes Königreich 2)3);2003;7153;5851;y;y;7290;y;y;y;11866;9130;7376
Vereinigtes Königreich 2)3);2004;7924;5941;y;y;7090;y;y;y;11484;8792;7270
Vereinigtes Königreich 2)3);2005;6420;6361;y;y;7167;y;y;y;13506;8842;7741
Vereinigtes Königreich 2)3);2006;8867;9709;10369;11334;10821;m;y;y;25109;22384;13447
Vereinigtes Königreich 2)3);2007;9394;10229;10862;11788;11301;m;y;y;27010;24230;14269
Vereinigtes Königreich 2)3);2008;7119;8758;9737;9307;9487;y;y;y;15310;8399;10051
Vereinigtes Königreich 2)3);2009;6493;9088;10124;9929;10013;y;y;y;16338;9889;10587
Vereinigtes Königreich 2)3);2010;7047;9369;10533;10388;10452;a;y;y;15862;10546;10878
Vereinigtes Königreich 2)3);2011;9692;9857;13894;6491;9649;a;y;y;14223;10570;10412
Vereinigte Staaten 2)8);1997;6158;5718;y;y;7230;y;y;y;17466;m;m
Vereinigte Staaten 2)8);1998;6441;6043;y;y;7764;y;y;y;19802;m;m
Vereinigte Staaten 2)8);1999;6692;6582;y;y;8157;y;y;y;19220;m;m
Vereinigte Staaten 2)8);2000;7980;6995;y;y;8855;y;y;y;20358;m;10240
Vereinigte Staaten 2)8);2001;8522;7560;8359;9278;8779;y;y;y;22234;20098;10871
Vereinigte Staaten 2)8);2002;7881;8049;8669;9607;9098;m;y;y;20545;18574;11152
Vereinigte Staaten 2)8);2003;7755;8305;9156;10105;9590;m;y;y;24074;21566;12023
Vereinigte Staaten 2)8);2004;7896;8805;9490;10468;9938;m;y;y;22476;19842;12092
Vereinigte Staaten 2)8);2005;8301;9156;9899;10969;10390;m;y;y;24370;21588;12788
Vereinigte Staaten 2)8);2006;7335;7732;8868;8693;8763;y;y;y;15447;9714;9309
Vereinigte Staaten 2)8);2007;7598;8222;9166;8714;8892;y;y;y;15463;9023;9600
Vereinigte Staaten 2)8);2008;10070;9982;11551;12690;12097;m;y;y;29910;26908;14923
Vereinigte Staaten 2)8);2009;8396;11109;12247;12873;12550;m;y;y;29201;26313;15812
Vereinigte Staaten 2)8);2010;10020;11193;11920;13045;12464;m;y;y;25576;22744;15171
Vereinigte Staaten 2)8);2011;10010;10958;12338;13143;12731;m;y;y;26021;23094;15345
OECD-Durchschnitt 9);1997;m;m;m;m;m;m;m;m;m;m;m
OECD-Durchschnitt 9);1998;m;m;m;m;m;m;m;m;m;m;m
OECD-Durchschnitt 9);1999;m;m;m;m;m;m;m;m;m;m;m
OECD-Durchschnitt 9);2000;m;m;m;m;m;m;m;m;m;m;m
OECD-Durchschnitt 9);2001;m;m;m;m;m;m;m;m;m;m;m
OECD-Durchschnitt 9);2002;m;m;m;m;m;m;m;m;m;m;m
OECD-Durchschnitt 9);2003;4508;5450;6560;7582;6962;4439;d;d;11254;8093;6827
OECD-Durchschnitt 9);2004;4741;5832;6909;7884;7276;4315;d;d;11100;7951;7061
OECD-Durchschnitt 9);2005;4888;6252;7437;8366;7804;4719;d;d;11512;8102;7527
OECD-Durchschnitt 9);2006;5260;6437;7544;8486;8006;4592;d;d;12336;8455;7840
OECD-Durchschnitt 9);2007;5447;6741;7598;8746;8267;4449;d;d;12907;8970;8216
OECD-Durchschnitt 9);2008;6210;7153;8498;9396;8972;4780;d;d;13717;9349;8831
OECD-Durchschnitt 9);2009;6670;7719;8854;9755;9312;4958;d;d;13728;9341;9252
OECD-Durchschnitt 9);2010;6762;7974;8893;9322;9014;4413;d;d;13528;9274;9313
OECD-Durchschnitt 9);2011;7428;8296;9377;9506;9280;4811;d;d;13958;9635;9487
OECD-Staaten insgesamt 9);1997;3788;3769;4175;5312;5507;7084;6765;8252;10893;m;m
OECD-Staaten insgesamt 9);1998;3883;3915;d;d;5625;d;d;d;11720;m;m
OECD-Staaten insgesamt 9);1999;3746;4229;d;d;5174;d;d;d;11422;m;m
OECD-Staaten insgesamt 9);2000;4477;4470;d;d;5501;d;d;d;11109;m;6361
OECD-Staaten insgesamt 9);2001;4490;4819;d;d;6688;d;d;d;12319;10724;6821
OECD-Staaten insgesamt 9);2002;4922;5273;d;d;6992;d;d;d;13343;11945;7343
OECD-Staaten insgesamt 9);2003;4959;5055;d;d;6936;d;d;d;14598;12208;7471
OECD-Staaten insgesamt 9);2004;5117;5331;d;d;7163;d;d;d;14027;11443;7572
OECD-Staaten insgesamt 9);2005;5254;6173;d;d;7736;d;d;d;15559;13141;8553
OECD-Staaten insgesamt 9);2006;5553;6517;d;d;7966;d;d;d;15791;13163;8857
OECD-Staaten insgesamt 9);2007;5838;6756;d;d;8153;d;d;d;16625;13896;9195
OECD-Staaten insgesamt 9);2008;6254;7065;d;d;8852;d;d;d;18258;15208;9860
OECD-Staaten insgesamt 9);2009;6208;7550;d;d;9264;d;d;d;18572;15399;10380
OECD-Staaten insgesamt 9);2010;6598;7155;d;d;9086;d;d;d;17665;14624;10416
OECD-Staaten insgesamt 9);2011;7044;7900;9111;9953;9505;d;d;d;17929;14596;10561
EU21-Durchschnitt 9)10);1997;m;m;m;m;m;m;m;m;m;m;m
EU21-Durchschnitt 9)10);1998;m;m;m;m;m;m;m;m;m;m;m
EU21-Durchschnitt 9)10);1999;m;m;m;m;m;m;m;m;m;m;m
EU21-Durchschnitt 9)10);2000;m;m;m;m;m;m;m;m;m;m;m
EU21-Durchschnitt 9)10);2001;m;m;m;m;m;m;m;m;m;m;m
EU21-Durchschnitt 9)10);2002;m;m;m;m;m;m;m;m;m;m;m
EU21-Durchschnitt 9)10);2003;4589;5399;6831;7419;6961;4749;d;d;9872;6962;6519
EU21-Durchschnitt 9)10);2004;4896;5788;7215;7694;7236;4726;d;d;10191;7192;6811
EU21-Durchschnitt 9)10);2005;4980;6055;7462;7864;7600;4757;d;d;10474;6990;7036
EU21-Durchschnitt 9)10);2006;5343;6479;7967;8344;8116;5039;d;d;11520;7592;7682
EU21-Durchschnitt 9)10);2007;5468;6752;8165;8617;8346;5580;d;d;12084;7899;8013
EU21-Durchschnitt 9)10);2008;6397;7257;8950;9283;9116;6026;d;d;12958;8315;8702
EU21-Durchschnitt 9)10);2009;6807;7762;9369;9666;9513;6399;d;d;12967;8332;9122
EU21-Durchschnitt 9)10);2010;7085;8277;9459;9451;9471;5336;d;d;12856;8334;9208
EU21-Durchschnitt 9)10);2011;7933;8482;9795;9457;9615;6103;d;d;13572;8741;9531
Argentinien 6);1997;1054;1224;1467;1781;1575;a;3494;m;11552;m;m
Argentinien 6);1998;1662;1389;1667;2229;1860;n;4425;2572;2965;m;m
Argentinien 6);1999;1409;1629;2198;2528;2327;a;5137;6056;5606;m;m
Argentinien 6);2000;1653;1598;2256;2579;2382;a;5382;m;m;m;m
Argentinien 6);2001;1745;1655;2189;2487;2306;a;5028;3047;3775;m;2182
Argentinien 6);2002;1305;1241;1286;2883;1918;a;3891;2777;3235;m;1755
Argentinien 6);2003;m;m;m;m;m;m;m;m;m;m;m
Argentinien 6);2004;m;m;m;m;m;m;m;m;m;m;m
Argentinien 6);2005;m;m;m;m;m;m;m;m;m;m;m
Argentinien 6);2006;m;m;m;m;m;m;m;m;m;m;m
Argentinien 6);2007;m;m;m;m;m;m;m;m;m;m;m
Argentinien 6);2008;2213;2511;3392;3785;3531;a;2878;5123;4411;m;3204
Argentinien 6);2009;2398;2757;3727;4307;3932;a;3034;5284;4579;m;3512
Argentinien 6);2010;2427;2929;3779;4202;3930;a;2932;5539;4680;m;3628
Argentinien 6);2011;1979;2167;2947;3184;3034;a;2255;m;m;m;m
Brasilien 2)4)6);1997;820;859;921;1087;1002;a;y;10791;10791;m;m
Brasilien 2)4)6);1998;1065;837;995;1154;1076;n;y;14618;14618;m;m
Brasilien 2)4)6);1999;1222;956;1069;1172;1100;m;m;13567;13567;m;m
Brasilien 2)4)6);2000;1243;928;909;851;890;m;m;11946;11946;m;1142
Brasilien 2)4)6);2001;1044;832;862;870;864;a;m;10306;m;m;m
Brasilien 2)4)6);2002;965;842;913;1008;944;a;y;y;10361;m;1121
Brasilien 2)4)6);2003;926;870;1105;1152;1121;a;y;y;10054;m;1242
Brasilien 2)4)6);2004;1171;1159;1172;801;1033;a;y;9019;9019;8903;1303
Brasilien 2)4)6);2005;1215;1425;1359;899;1186;a;y;y;9994;9808;1542
Brasilien 2)4)6);2006;1315;1566;1726;1225;1538;a;y;y;10294;10067;1811
Brasilien 2)4)6);2007;1599;1862;1947;1427;1750;a;y;y;10950;10326;2080
Brasilien 2)4)6);2008;1726;2155;2305;1660;2058;a;y;y;11610;10991;2416
Brasilien 2)4)6);2009;1696;2405;2523;1763;2235;a;y;y;11741;11107;2647
Brasilien 2)4)6);2010;2111;2778;2849;2148;2571;a;y;y;13137;12381;3067
Brasilien 2)4)6);2011;2349;2673;2700;2605;2662;a;y;y;10902;10140;3066
China 2)6);1997;m;m;m;m;m;m;m;m;m;m;m
China 2)6);1998;m;m;m;m;m;m;m;m;m;m;m
China 2)6);1999;105;372;476;1768;833;a;y;y;5798;m;m
China 2)6);2000;m;m;m;m;m;m;m;m;m;m;m
China 2)6);2001;m;m;m;m;m;m;m;m;m;m;m
China 2)6);2002;m;m;m;m;m;m;m;m;m;m;m
China 2)6);2003;m;m;m;m;m;m;m;m;m;m;m
China 2)6);2004;m;m;m;m;m;m;m;m;m;m;m
China 2)6);2005;m;m;m;m;m;m;m;m;m;m;m
China 2)6);2006;m;m;m;m;m;m;m;m;m;m;m
China 2)6);2007;882;778;986;1549;1153;m;3222;5138;4380;1404;1404
China 2)6);2008;m;m;m;m;m;m;y;y;4550;m;1593
China 2)6);2009;m;m;m;m;m;m;m;m;m;m;m
China 2)6);2010;m;m;m;m;m;m;m;m;m;m;m
China 2)6);2011;m;m;m;m;m;m;m;m;m;m;m
Indien 2)4)6);1997;28;160;225;334;253;m;m;m;m;m;m
Indien 2)4)6);1998;m;m;m;m;m;m;m;m;m;m;m
Indien 2)4)6);1999;65;303;297;290;295;a;m;m;m;m;m
Indien 2)4)6);2000;56;268;429;707;540;m;4917;1668;1831;m;446
Indien 2)4)6);2001;57;405;390;1045;650;m;y;y;2522;m;m
Indien 2)4)6);2002;79;396;397;1155;712;571;y;y;2486;m;606
Indien 2)4)6);2003;m;m;m;m;m;m;m;m;m;m;m
Indien 2)4)6);2004;m;m;m;m;m;m;m;m;m;m;m
Indien 2)4)6);2005;m;m;m;m;m;m;m;m;m;m;m
Indien 2)4)6);2006;m;m;m;m;m;m;m;m;m;m;m
Indien 2)4)6);2007;m;m;m;m;m;m;m;m;m;m;m
Indien 2)4)6);2008;m;m;m;m;m;m;m;m;m;m;m
Indien 2)4)6);2009;m;m;m;m;m;m;m;m;m;m;m
Indien 2)4)6);2010;m;m;m;m;m;m;m;m;m;m;m
Indien 2)4)6);2011;m;m;m;m;m;m;m;m;m;m;m
Indonesien 2)4)6);1997;m;m;m;m;m;m;m;m;m;m;m
Indonesien 2)4)6);1998;425;116;433;647;497;n;y;y;6840;m;m
Indonesien 2)4)6);1999;53;81;208;295;242;a;y;y;1047;m;m
Indonesien 2)4)6);2000;85;137;370;494;416;a;y;y;1799;m;331
Indonesien 2)4)6);2001;73;108;279;396;322;a;y;y;1414;m;m
Indonesien 2)4)6);2002;64;110;278;379;315;a;y;y;1296;m;262
Indonesien 2)4)6);2003;m;m;m;m;m;m;m;m;m;m;m
Indonesien 2)4)6);2004;m;m;m;m;m;m;m;m;m;m;m
Indonesien 2)4)6);2005;m;m;m;m;m;m;m;m;m;m;m
Indonesien 2)4)6);2006;m;m;m;m;m;m;m;m;m;m;m
Indonesien 2)4)6);2007;56;534;485;477;482;a;m;635;m;m;m
Indonesien 2)4)6);2008;56;534;485;477;482;a;m;636;m;m;m
Indonesien 2)4)6);2009;57;449;366;374;369;a;1509;818;972;592;467
Indonesien 2)4)6);2010;m;m;m;m;m;m;m;m;m;m;m
Indonesien 2)4)6);2011;205;587;449;617;522;a;1888;1012;1173;m;625
Russische Föderation 2)6);1997;m;m;m;m;m;m;m;m;m;m;m
Russische Föderation 2)6);1998;m;m;m;m;m;m;m;m;m;m;m
Russische Föderation 2)6);1999;m;m;m;m;m;m;m;m;m;m;m
Russische Föderation 2)6);2000;1297;y;y;y;954;1439;763;960;892;m;968
Russische Föderation 2)6);2001;m;m;m;m;m;m;m;m;m;m;m
Russische Föderation 2)6);2002;1092;y;y;y;904;y;987;m;m;m;m
Russische Föderation 2)6);2003;m;y;y;y;1436;y;1733;2741;2451;m;1600
Russische Föderation 2)6);2004;m;y;y;y;1615;y;1863;2840;2562;m;1775
Russische Föderation 2)6);2005;m;y;y;y;1754;y;2274;3876;3421;3155;2051
Russische Föderation 2)6);2006;m;y;y;y;2399;y;2790;4838;4279;3948;2761
Russische Föderation 2)6);2007;m;y;y;y;4878;y;4402;5753;5434;5201;5043
Russische Föderation 2)6);2008;m;y;y;y;4071;y;4281;7436;6758;6439;4878
Russische Föderation 2)6);2009;m;y;y;y;4325;y;4539;8627;7749;7368;5354
Russische Föderation 2)6);2010;m;y;y;y;4100;y;4509;7622;7039;6612;5058
Russische Föderation 2)6);2011;m;y;y;y;4470;y;4446;8095;7424;6898;5328
;;;;;;;;;;;;
Quelle: OECD, Bildung auf einen Blick;;;;;;;;;;;;
;;;;;;;;;;;;
Anmerkungen:;;;;;;;;;;;;
"1) Abgegrenzt nach der ISCED-Gliederung: International Standard Classification for Education 1997. Aktuelle Daten mit Gliederung gemäß ISCED 2011 siehe Tabelle 2.1.17; Angaben zum Elementarbereich siehe Tabelle 2.1.23.";;;;;;;;;;;;
2) Werte teilweise in anderen Spalten enthalten. Für eine genaue Zuordnung zu den Bildungsbereichen siehe Quelle.;;;;;;;;;;;;
3) Teilweise öffentliche und staatlich subventionierte private Bildungseinrichtungen. Für eine genaue Jahreszuordnung siehe Quelle.;;;;;;;;;;;;
4) Die Jahresangaben können von den tatsächlichen Referenzjahren abweichen. Für eine genaue Jahreszuordnung siehe Quelle.;;;;;;;;;;;;
5) Referenzjahr 2010: Berechnungen des Statistischen Bundesamtes, ohne Berücksichtigung bei Insgesamt- und Durchschnittswerten.;;;;;;;;;;;;
6) Teilweise nur öffentliche Bildungseinrichtungen, für Kanada ab 2005 nur Tertiärbereich, für Italien ab 2006 und die Russische Föderation ab 2010 außer im Tertiärbereich. Für eine genaue Jahreszuordnung siehe Quelle.;;;;;;;;;;;;
7) 2011: Elementar- und Primarbereich einschließlich Rückerstattungen von Gebietskörperschaften für zurückliegende Jahre.;;;;;;;;;;;;
8) 1999 bis 2001: Nur öffentliche und unabhängige private Bildungseinrichtungen.;;;;;;;;;;;;
9) Die Kategorien OECD-Durchschnitt, OECD-Staaten insgesamt und EU21-Durchschnitt geben den im jeweiligen Referenzjahr gültigen Stand der OECD- bzw. EU-Mitgliedschaft der Staaten wieder.;;;;;;;;;;;;
10) 2003 bis 2007: EU19-Durchschnitt.;;;;;;;;;;;;
;;;;;;;;;;;;
a = Daten nicht verfügbar, weil Frage nicht zutrifft.;;;;;;;;;;;;
d = Durchschnitt ist nicht mit anderen Bildungsbereichen vergleichbar.;;;;;;;;;;;;
m = Daten nicht verfügbar.;;;;;;;;;;;;
n = Daten vernachlässigbar oder Null.;;;;;;;;;;;;
y = Daten an anderer Stelle enthalten.;;;;;;;;;;;;
;;;;;;;;;;;;
Auswertung aus der ICE-Datenbank des BMBF (ICE = Information, Controlling, Entscheidung);;;;;;;;;;;;
Ein System des Deutschen Zentrums für Hochschul- und Wissenschaftsforschung (DZHW), http://www.dzhw.eu;;;;;;;;;;;;
;;;;;;;;;;;;
Letzte Aktualisierung: 17. September 2014;;;;;;;;;;;;
;;;;;;;;;;;;
Dieses Werk ist lizenziert unter einer Datenlizenz Deutschland Namensnennung nicht kommerziell 1.0.;;;;;;;;;;;;
(https://www.govdata.de/dl-de/by-nc-1-0);;;;;;;;;;;;